{"stats":{"minecraft:broken":{"minecraft:stone_shovel":1},"minecraft:killed":{"minecraft:spider":2,"minecraft:squid":1},"minecraft:picked_up":{"minecraft:sand":165,"minecraft:oak_log":42,"minecraft:ink_sac":1,"minecraft:string":1,"minecraft:dirt":16,"minecraft:oak_sapling":2,"minecraft:coal":25,"minecraft:cobblestone":24},"minecraft:used":{"minecraft:oak_log":1,"minecraft:stone_shovel":161,"minecraft:chest":2,"minecraft:wooden_pickaxe":51,"minecraft:stone_axe":82,"minecraft:torch":4,"minecraft:sand":1,"minecraft:oak_sapling":1},"minecraft:crafted":{"minecraft:oak_planks":52,"minecraft:stone_shovel":4,"minecraft:stick":24,"minecraft:wooden_pickaxe":1,"minecraft:chest":2,"minecraft:torch":4,"minecraft:stone_axe":1},"minecraft:custom":{"minecraft:time_since_rest":170,"minecraft:sprint_one_cm":28470,"minecraft:damage_taken":246,"minecraft:walk_one_cm":51814,"minecraft:mob_kills":3,"minecraft:drop":1,"minecraft:damage_dealt":723,"minecraft:swim_one_cm":5487,"minecraft:interact_with_crafting_table":7,"minecraft:fly_one_cm":21715,"minecraft:open_chest":3,"minecraft:crouch_one_cm":196,"minecraft:play_time":21928,"minecraft:deaths":1,"minecraft:sneak_time":60,"minecraft:walk_under_water_one_cm":308,"minecraft:jump":146,"minecraft:leave_game":7,"minecraft:walk_on_water_one_cm":4548,"minecraft:time_since_death":113,"minecraft:total_world_time":21928,"minecraft:fall_one_cm":1881},"minecraft:mined":{"minecraft:short_grass":3,"minecraft:coal_ore":25,"minecraft:grass_block":3,"minecraft:oak_log":42,"minecraft:sand":162,"minecraft:dirt":13,"minecraft:stone":24,"minecraft:oak_leaves":6},"minecraft:dropped":{"minecraft:dirt":16},"minecraft:killed_by":{"minecraft:skeleton":1}},"DataVersion":3953}