{"stats":{"minecraft:custom":{"minecraft:time_since_rest":9717,"minecraft:open_chest":1,"minecraft:sprint_one_cm":10974,"minecraft:play_time":9717,"minecraft:damage_taken":55,"minecraft:walk_one_cm":26962,"minecraft:walk_under_water_one_cm":2184,"minecraft:jump":156,"minecraft:damage_dealt":10,"minecraft:leave_game":3,"minecraft:walk_on_water_one_cm":1306,"minecraft:time_since_death":9717,"minecraft:total_world_time":9717,"minecraft:swim_one_cm":942,"minecraft:fall_one_cm":4064,"minecraft:fly_one_cm":23168},"minecraft:picked_up":{"minecraft:birch_log":7,"minecraft:sand":1,"minecraft:birch_sapling":1,"minecraft:dirt":10},"minecraft:mined":{"minecraft:grass_block":6,"minecraft:sand":4,"minecraft:dirt":4,"minecraft:birch_log":7,"minecraft:birch_leaves":5,"minecraft:oak_leaves":4},"minecraft:used":{"minecraft:dirt":10,"minecraft:sand":1,"minecraft:birch_sapling":1}},"DataVersion":3953}