{"stats":{"minecraft:killed":{"minecraft:spider":2,"minecraft:sheep":6,"minecraft:skeleton":1,"minecraft:zombie":6,"minecraft:chicken":1},"minecraft:mined":{"minecraft:white_bed":1,"minecraft:crafting_table":1,"minecraft:torch":3,"minecraft:short_grass":5,"minecraft:grass_block":13,"minecraft:tall_grass":6,"minecraft:oak_planks":7,"minecraft:sandstone":1,"minecraft:wall_torch":1,"minecraft:birch_sapling":1,"minecraft:birch_log":14,"minecraft:sweet_berry_bush":1,"minecraft:birch_leaves":5,"minecraft:oak_log":26,"minecraft:sand":58,"minecraft:dirt":19,"minecraft:stone":52,"minecraft:oak_leaves":16},"minecraft:picked_up":{"minecraft:wooden_axe":4,"minecraft:birch_log":28,"minecraft:crafting_table":1,"minecraft:chicken":1,"minecraft:wooden_pickaxe":10,"minecraft:birch_planks":19,"minecraft:oak_log":26,"minecraft:golden_sword":2,"minecraft:string":10,"minecraft:dirt":50,"minecraft:bone":8,"minecraft:apple":1,"minecraft:wheat_seeds":1,"minecraft:birch_sapling":2,"minecraft:oak_planks":81,"minecraft:stick":14,"minecraft:sandstone":1,"minecraft:torch":11,"minecraft:sand":184,"minecraft:white_bed":1,"minecraft:arrow":1,"minecraft:stone_shovel":3,"minecraft:rotten_flesh":22,"minecraft:stone_axe":3,"minecraft:oak_sapling":6,"minecraft:mutton":10,"minecraft:white_wool":6,"minecraft:cobblestone":108},"minecraft:custom":{"minecraft:interact_with_furnace":5,"minecraft:mob_kills":19,"minecraft:interact_with_crafting_table":20,"minecraft:leave_game":9,"minecraft:time_since_death":17965,"minecraft:sleep_in_bed":1,"minecraft:time_since_rest":355,"minecraft:sprint_one_cm":97457,"minecraft:damage_taken":3207,"minecraft:walk_one_cm":168464,"minecraft:drop":12,"minecraft:damage_dealt":2973,"minecraft:swim_one_cm":4967,"minecraft:fly_one_cm":222873,"minecraft:open_chest":17,"minecraft:crouch_one_cm":2374,"minecraft:play_time":77714,"minecraft:deaths":11,"minecraft:sneak_time":1254,"minecraft:walk_under_water_one_cm":2263,"minecraft:aviate_one_cm":1194796,"minecraft:jump":1181,"minecraft:walk_on_water_one_cm":2994,"minecraft:total_world_time":77714,"minecraft:fall_one_cm":29798},"minecraft:killed_by":{"minecraft:skeleton":2,"minecraft:creeper":1,"minecraft:spider":2,"minecraft:zombie":6},"minecraft:used":{"minecraft:birch_planks":1,"minecraft:oak_planks":16,"minecraft:elytra":1,"minecraft:wooden_pickaxe":71,"minecraft:sandstone":1,"minecraft:cooked_chicken":1,"minecraft:rotten_flesh":7,"minecraft:torch":6,"minecraft:dirt":48,"minecraft:sand":65,"minecraft:crafting_table":3,"minecraft:white_bed":1,"minecraft:wooden_axe":34,"minecraft:apple":1,"minecraft:firework_rocket":24,"minecraft:birch_sapling":2,"minecraft:stone_axe":46,"minecraft:golden_sword":9,"minecraft:cobblestone":2,"minecraft:sweet_berries":1,"minecraft:oak_sapling":6,"minecraft:furnace":1},"minecraft:broken":{"minecraft:wooden_axe":1},"minecraft:dropped":{"minecraft:wheat_seeds":1,"minecraft:sand":11},"minecraft:crafted":{"minecraft:oak_planks":104,"minecraft:crafting_table":2,"minecraft:wooden_pickaxe":2,"minecraft:cooked_chicken":1,"minecraft:furnace":1,"minecraft:birch_planks":28,"minecraft:stone_axe":1,"minecraft:air":0,"minecraft:stick":20,"minecraft:stone_pickaxe":1,"minecraft:wooden_axe":1,"minecraft:white_bed":1}},"DataVersion":3953}