{"stats":{"minecraft:killed_by":{"minecraft:skeleton":2,"minecraft:creeper":1,"minecraft:spider":2,"minecraft:zombie":6},"minecraft:crafted":{"minecraft:oak_door":3,"minecraft:oak_planks":104,"minecraft:crafting_table":2,"minecraft:wooden_pickaxe":2,"minecraft:cooked_chicken":1,"minecraft:furnace":2,"minecraft:bucket":1,"minecraft:birch_planks":28,"minecraft:stone_axe":1,"minecraft:cooked_mutton":10,"minecraft:air":0,"minecraft:shield":1,"minecraft:stick":20,"minecraft:iron_ingot":4,"minecraft:stone_pickaxe":1,"minecraft:wooden_axe":1,"minecraft:white_bed":1,"minecraft:torch":16},"minecraft:dropped":{"minecraft:wheat_seeds":1,"minecraft:raw_copper":2,"minecraft:sand":11},"minecraft:broken":{"minecraft:wooden_axe":1},"minecraft:custom":{"minecraft:interact_with_furnace":11,"minecraft:mob_kills":34,"minecraft:interact_with_crafting_table":23,"minecraft:leave_game":10,"minecraft:time_since_death":56087,"minecraft:sleep_in_bed":4,"minecraft:time_since_rest":4030,"minecraft:sprint_one_cm":140796,"minecraft:damage_taken":4026,"minecraft:walk_one_cm":252435,"minecraft:drop":14,"minecraft:damage_dealt":4714,"minecraft:swim_one_cm":31965,"minecraft:talked_to_villager":2,"minecraft:fly_one_cm":301035,"minecraft:open_chest":19,"minecraft:crouch_one_cm":2558,"minecraft:play_time":115836,"minecraft:deaths":11,"minecraft:sneak_time":1607,"minecraft:walk_under_water_one_cm":9816,"minecraft:aviate_one_cm":2113867,"minecraft:jump":1704,"minecraft:walk_on_water_one_cm":7211,"minecraft:total_world_time":115836,"minecraft:fall_one_cm":40258},"minecraft:picked_up":{"minecraft:wooden_axe":4,"minecraft:birch_log":28,"minecraft:crafting_table":4,"minecraft:chicken":1,"minecraft:leather":2,"minecraft:wooden_pickaxe":10,"minecraft:birch_planks":19,"minecraft:oak_log":26,"minecraft:golden_sword":2,"minecraft:gunpowder":2,"minecraft:string":10,"minecraft:dirt":73,"minecraft:raw_copper":2,"minecraft:bone":8,"minecraft:apple":1,"minecraft:wheat_seeds":2,"minecraft:beef":3,"minecraft:birch_sapling":2,"minecraft:oak_planks":83,"minecraft:furnace":1,"minecraft:stick":14,"minecraft:raw_iron":4,"minecraft:sandstone":1,"minecraft:oak_door":2,"minecraft:torch":13,"minecraft:sand":187,"minecraft:porkchop":16,"minecraft:spruce_log":8,"minecraft:white_bed":3,"minecraft:dark_oak_log":1,"minecraft:rotten_flesh":27,"minecraft:arrow":1,"minecraft:stone_shovel":3,"minecraft:stone_axe":3,"minecraft:oak_sapling":6,"minecraft:mutton":15,"minecraft:coal":44,"minecraft:white_wool":9,"minecraft:cobblestone":127},"minecraft:mined":{"minecraft:white_bed":3,"minecraft:oak_door":2,"minecraft:dark_oak_log":1,"minecraft:crafting_table":4,"minecraft:torch":3,"minecraft:short_grass":12,"minecraft:grass_block":24,"minecraft:copper_ore":1,"minecraft:tall_grass":6,"minecraft:oak_planks":8,"minecraft:sandstone":1,"minecraft:wall_torch":1,"minecraft:birch_sapling":1,"minecraft:furnace":1,"minecraft:fire":8,"minecraft:birch_log":14,"minecraft:iron_ore":4,"minecraft:sweet_berry_bush":1,"minecraft:spruce_log":8,"minecraft:birch_leaves":5,"minecraft:coal_ore":44,"minecraft:oak_log":26,"minecraft:sand":61,"minecraft:dirt":20,"minecraft:stone":73,"minecraft:oak_leaves":16},"minecraft:killed":{"minecraft:pig":8,"minecraft:spider":2,"minecraft:skeleton":1,"minecraft:sheep":9,"minecraft:zombie":9,"minecraft:chicken":1,"minecraft:cow":1},"minecraft:used":{"minecraft:cooked_mutton":10,"minecraft:leather_leggings":1,"minecraft:birch_planks":1,"minecraft:stone_pickaxe":61,"minecraft:elytra":2,"minecraft:oak_planks":22,"minecraft:wooden_pickaxe":83,"minecraft:sandstone":1,"minecraft:cooked_chicken":1,"minecraft:rotten_flesh":7,"minecraft:oak_door":4,"minecraft:torch":17,"minecraft:dirt":50,"minecraft:sand":65,"minecraft:crafting_table":5,"minecraft:white_bed":4,"minecraft:wooden_axe":34,"minecraft:apple":1,"minecraft:lava_bucket":2,"minecraft:firework_rocket":45,"minecraft:birch_sapling":2,"minecraft:totem_of_undying":1,"minecraft:stone_axe":88,"minecraft:golden_sword":9,"minecraft:cobblestone":2,"minecraft:sweet_berries":1,"minecraft:oak_sapling":6,"minecraft:furnace":2,"minecraft:bucket":3}},"DataVersion":3953}