{"stats":{"minecraft:killed":{"minecraft:zombie":5,"minecraft:chicken":1,"minecraft:spider":1},"minecraft:broken":{"minecraft:wooden_axe":1},"minecraft:used":{"minecraft:wooden_axe":34,"minecraft:birch_sapling":2,"minecraft:oak_planks":16,"minecraft:wooden_pickaxe":21,"minecraft:rotten_flesh":5,"minecraft:cooked_chicken":1,"minecraft:torch":2,"minecraft:dirt":34,"minecraft:sand":62,"minecraft:crafting_table":1,"minecraft:furnace":1,"minecraft:oak_sapling":6},"minecraft:picked_up":{"minecraft:wooden_axe":4,"minecraft:birch_log":7,"minecraft:stick":8,"minecraft:chicken":1,"minecraft:torch":4,"minecraft:wooden_pickaxe":5,"minecraft:birch_planks":10,"minecraft:sand":76,"minecraft:oak_log":10,"minecraft:string":2,"minecraft:dirt":34,"minecraft:apple":1,"minecraft:rotten_flesh":17,"minecraft:wheat_seeds":1,"minecraft:oak_sapling":6,"minecraft:birch_sapling":2,"minecraft:oak_planks":81,"minecraft:cobblestone":32},"minecraft:crafted":{"minecraft:oak_planks":40,"minecraft:crafting_table":1,"minecraft:stick":8,"minecraft:wooden_pickaxe":1,"minecraft:cooked_chicken":1,"minecraft:wooden_axe":1,"minecraft:furnace":1,"minecraft:birch_planks":28,"minecraft:air":0},"minecraft:custom":{"minecraft:interact_with_furnace":5,"minecraft:sprint_one_cm":52566,"minecraft:damage_taken":1863,"minecraft:walk_one_cm":116589,"minecraft:mob_kills":8,"minecraft:drop":12,"minecraft:damage_dealt":1282,"minecraft:interact_with_crafting_table":16,"minecraft:fly_one_cm":129446,"minecraft:open_chest":12,"minecraft:crouch_one_cm":2254,"minecraft:play_time":43376,"minecraft:deaths":6,"minecraft:walk_under_water_one_cm":1835,"minecraft:sneak_time":1193,"minecraft:jump":694,"minecraft:leave_game":6,"minecraft:walk_on_water_one_cm":1145,"minecraft:time_since_death":1575,"minecraft:total_world_time":43376,"minecraft:fall_one_cm":17506,"minecraft:time_since_rest":1652},"minecraft:mined":{"minecraft:birch_sapling":1,"minecraft:birch_log":7,"minecraft:birch_leaves":3,"minecraft:torch":2,"minecraft:grass_block":7,"minecraft:oak_log":10,"minecraft:sand":36,"minecraft:dirt":9,"minecraft:stone":12,"minecraft:oak_planks":7,"minecraft:oak_leaves":15},"minecraft:dropped":{"minecraft:wheat_seeds":1,"minecraft:sand":11},"minecraft:killed_by":{"minecraft:spider":1,"minecraft:zombie":5}},"DataVersion":3953}