{"stats":{"minecraft:killed_by":{"minecraft:skeleton":2,"minecraft:creeper":1,"minecraft:spider":2,"minecraft:zombie":6},"minecraft:crafted":{"minecraft:oak_planks":40,"minecraft:crafting_table":1,"minecraft:wooden_pickaxe":1,"minecraft:cooked_chicken":1,"minecraft:furnace":1,"minecraft:birch_planks":28,"minecraft:stone_axe":1,"minecraft:air":0,"minecraft:stick":12,"minecraft:wooden_axe":1},"minecraft:dropped":{"minecraft:wheat_seeds":1,"minecraft:sand":11},"minecraft:broken":{"minecraft:wooden_axe":1},"minecraft:custom":{"minecraft:interact_with_furnace":5,"minecraft:mob_kills":13,"minecraft:interact_with_crafting_table":17,"minecraft:leave_game":7,"minecraft:time_since_death":1178,"minecraft:time_since_rest":1205,"minecraft:sprint_one_cm":84243,"minecraft:damage_taken":3157,"minecraft:walk_one_cm":149841,"minecraft:drop":12,"minecraft:damage_dealt":2493,"minecraft:swim_one_cm":1410,"minecraft:fly_one_cm":206904,"minecraft:open_chest":15,"minecraft:crouch_one_cm":2254,"minecraft:play_time":60927,"minecraft:deaths":11,"minecraft:sneak_time":1203,"minecraft:walk_under_water_one_cm":2123,"minecraft:jump":1056,"minecraft:walk_on_water_one_cm":2044,"minecraft:total_world_time":60927,"minecraft:fall_one_cm":27736},"minecraft:picked_up":{"minecraft:wooden_axe":4,"minecraft:birch_log":28,"minecraft:chicken":1,"minecraft:wooden_pickaxe":10,"minecraft:birch_planks":19,"minecraft:oak_log":10,"minecraft:golden_sword":2,"minecraft:dirt":45,"minecraft:string":10,"minecraft:bone":8,"minecraft:apple":1,"minecraft:wheat_seeds":1,"minecraft:birch_sapling":2,"minecraft:oak_planks":81,"minecraft:stick":14,"minecraft:sandstone":1,"minecraft:torch":11,"minecraft:sand":184,"minecraft:arrow":1,"minecraft:rotten_flesh":22,"minecraft:stone_shovel":3,"minecraft:stone_axe":3,"minecraft:oak_sapling":6,"minecraft:cobblestone":91},"minecraft:mined":{"minecraft:torch":3,"minecraft:grass_block":10,"minecraft:oak_planks":7,"minecraft:sandstone":1,"minecraft:wall_torch":1,"minecraft:birch_sapling":1,"minecraft:birch_log":14,"minecraft:sweet_berry_bush":1,"minecraft:birch_leaves":5,"minecraft:oak_log":10,"minecraft:sand":58,"minecraft:dirt":17,"minecraft:stone":35,"minecraft:oak_leaves":15},"minecraft:killed":{"minecraft:spider":2,"minecraft:skeleton":1,"minecraft:zombie":6,"minecraft:chicken":1},"minecraft:used":{"minecraft:birch_planks":1,"minecraft:oak_planks":16,"minecraft:wooden_pickaxe":54,"minecraft:sandstone":1,"minecraft:cooked_chicken":1,"minecraft:rotten_flesh":7,"minecraft:torch":6,"minecraft:dirt":45,"minecraft:sand":65,"minecraft:crafting_table":1,"minecraft:wooden_axe":34,"minecraft:apple":1,"minecraft:birch_sapling":2,"minecraft:stone_axe":9,"minecraft:golden_sword":9,"minecraft:cobblestone":2,"minecraft:sweet_berries":1,"minecraft:oak_sapling":6,"minecraft:furnace":1}},"DataVersion":3953}