{"stats":{"minecraft:broken":{"minecraft:wooden_axe":1},"minecraft:killed":{"minecraft:skeleton":1,"minecraft:zombie":5,"minecraft:chicken":1,"minecraft:spider":2},"minecraft:used":{"minecraft:wooden_axe":34,"minecraft:apple":1,"minecraft:birch_planks":1,"minecraft:birch_sapling":2,"minecraft:oak_planks":16,"minecraft:wooden_pickaxe":54,"minecraft:sandstone":1,"minecraft:rotten_flesh":5,"minecraft:cooked_chicken":1,"minecraft:stone_axe":6,"minecraft:torch":3,"minecraft:dirt":45,"minecraft:sand":62,"minecraft:sweet_berries":1,"minecraft:crafting_table":1,"minecraft:furnace":1,"minecraft:oak_sapling":6},"minecraft:picked_up":{"minecraft:wooden_axe":4,"minecraft:birch_log":14,"minecraft:sandstone":1,"minecraft:stick":14,"minecraft:chicken":1,"minecraft:torch":7,"minecraft:wooden_pickaxe":8,"minecraft:birch_planks":19,"minecraft:sand":105,"minecraft:oak_log":10,"minecraft:stone_shovel":1,"minecraft:bone":4,"minecraft:string":6,"minecraft:dirt":45,"minecraft:arrow":1,"minecraft:apple":1,"minecraft:rotten_flesh":17,"minecraft:stone_axe":2,"minecraft:wheat_seeds":1,"minecraft:oak_sapling":6,"minecraft:birch_sapling":2,"minecraft:oak_planks":81,"minecraft:cobblestone":55},"minecraft:crafted":{"minecraft:oak_planks":40,"minecraft:crafting_table":1,"minecraft:stick":8,"minecraft:wooden_pickaxe":1,"minecraft:cooked_chicken":1,"minecraft:wooden_axe":1,"minecraft:furnace":1,"minecraft:birch_planks":28,"minecraft:air":0},"minecraft:custom":{"minecraft:interact_with_furnace":5,"minecraft:sprint_one_cm":64734,"minecraft:damage_taken":2557,"minecraft:walk_one_cm":132802,"minecraft:mob_kills":10,"minecraft:drop":12,"minecraft:damage_dealt":1924,"minecraft:interact_with_crafting_table":16,"minecraft:fly_one_cm":165986,"minecraft:open_chest":14,"minecraft:crouch_one_cm":2254,"minecraft:play_time":54977,"minecraft:deaths":9,"minecraft:walk_under_water_one_cm":1835,"minecraft:sneak_time":1194,"minecraft:jump":885,"minecraft:leave_game":7,"minecraft:walk_on_water_one_cm":1145,"minecraft:time_since_death":8568,"minecraft:total_world_time":54977,"minecraft:fall_one_cm":23023,"minecraft:time_since_rest":8595},"minecraft:mined":{"minecraft:birch_sapling":1,"minecraft:birch_log":14,"minecraft:sweet_berry_bush":1,"minecraft:birch_leaves":5,"minecraft:torch":3,"minecraft:grass_block":10,"minecraft:oak_log":10,"minecraft:sand":57,"minecraft:dirt":17,"minecraft:stone":35,"minecraft:oak_planks":7,"minecraft:wall_torch":1,"minecraft:sandstone":1,"minecraft:oak_leaves":15},"minecraft:dropped":{"minecraft:wheat_seeds":1,"minecraft:sand":11},"minecraft:killed_by":{"minecraft:skeleton":2,"minecraft:spider":2,"minecraft:zombie":5}},"DataVersion":3953}