{"stats":{"minecraft:killed":{"minecraft:pig":8,"minecraft:spider":2,"minecraft:sheep":9,"minecraft:skeleton":1,"minecraft:zombie":6,"minecraft:chicken":1},"minecraft:mined":{"minecraft:white_bed":2,"minecraft:oak_door":2,"minecraft:dark_oak_log":1,"minecraft:crafting_table":4,"minecraft:torch":3,"minecraft:short_grass":11,"minecraft:grass_block":24,"minecraft:copper_ore":1,"minecraft:tall_grass":6,"minecraft:oak_planks":7,"minecraft:sandstone":1,"minecraft:wall_torch":1,"minecraft:birch_sapling":1,"minecraft:furnace":1,"minecraft:birch_log":14,"minecraft:iron_ore":4,"minecraft:sweet_berry_bush":1,"minecraft:birch_leaves":5,"minecraft:coal_ore":34,"minecraft:oak_log":26,"minecraft:sand":61,"minecraft:dirt":20,"minecraft:stone":60,"minecraft:oak_leaves":16},"minecraft:picked_up":{"minecraft:wooden_axe":4,"minecraft:birch_log":28,"minecraft:crafting_table":4,"minecraft:chicken":1,"minecraft:wooden_pickaxe":10,"minecraft:birch_planks":19,"minecraft:oak_log":26,"minecraft:golden_sword":2,"minecraft:string":10,"minecraft:dirt":58,"minecraft:raw_copper":2,"minecraft:bone":8,"minecraft:apple":1,"minecraft:wheat_seeds":2,"minecraft:birch_sapling":2,"minecraft:oak_planks":81,"minecraft:furnace":1,"minecraft:raw_iron":4,"minecraft:stick":14,"minecraft:sandstone":1,"minecraft:oak_door":2,"minecraft:torch":12,"minecraft:porkchop":16,"minecraft:sand":187,"minecraft:white_bed":2,"minecraft:dark_oak_log":1,"minecraft:arrow":1,"minecraft:stone_shovel":3,"minecraft:rotten_flesh":22,"minecraft:stone_axe":3,"minecraft:oak_sapling":6,"minecraft:mutton":15,"minecraft:coal":34,"minecraft:white_wool":9,"minecraft:cobblestone":116},"minecraft:custom":{"minecraft:interact_with_furnace":11,"minecraft:mob_kills":30,"minecraft:interact_with_crafting_table":23,"minecraft:leave_game":9,"minecraft:time_since_death":41965,"minecraft:sleep_in_bed":2,"minecraft:time_since_rest":11107,"minecraft:sprint_one_cm":122561,"minecraft:damage_taken":3263,"minecraft:walk_one_cm":213923,"minecraft:drop":14,"minecraft:damage_dealt":4013,"minecraft:swim_one_cm":27590,"minecraft:fly_one_cm":267237,"minecraft:open_chest":19,"minecraft:crouch_one_cm":2539,"minecraft:play_time":101714,"minecraft:deaths":11,"minecraft:sneak_time":1426,"minecraft:walk_under_water_one_cm":9160,"minecraft:aviate_one_cm":1690677,"minecraft:jump":1476,"minecraft:walk_on_water_one_cm":5420,"minecraft:total_world_time":101714,"minecraft:fall_one_cm":35903},"minecraft:killed_by":{"minecraft:skeleton":2,"minecraft:creeper":1,"minecraft:spider":2,"minecraft:zombie":6},"minecraft:used":{"minecraft:cooked_mutton":3,"minecraft:leather_leggings":1,"minecraft:birch_planks":1,"minecraft:stone_pickaxe":38,"minecraft:oak_planks":16,"minecraft:elytra":1,"minecraft:wooden_pickaxe":83,"minecraft:sandstone":1,"minecraft:cooked_chicken":1,"minecraft:rotten_flesh":7,"minecraft:oak_door":4,"minecraft:torch":7,"minecraft:dirt":50,"minecraft:sand":65,"minecraft:crafting_table":5,"minecraft:white_bed":2,"minecraft:wooden_axe":34,"minecraft:lava_bucket":2,"minecraft:apple":1,"minecraft:firework_rocket":37,"minecraft:birch_sapling":2,"minecraft:stone_axe":69,"minecraft:golden_sword":9,"minecraft:cobblestone":2,"minecraft:sweet_berries":1,"minecraft:oak_sapling":6,"minecraft:furnace":2,"minecraft:bucket":2},"minecraft:broken":{"minecraft:wooden_axe":1},"minecraft:dropped":{"minecraft:wheat_seeds":1,"minecraft:raw_copper":2,"minecraft:sand":11},"minecraft:crafted":{"minecraft:oak_door":3,"minecraft:oak_planks":104,"minecraft:crafting_table":2,"minecraft:wooden_pickaxe":2,"minecraft:cooked_chicken":1,"minecraft:furnace":2,"minecraft:bucket":1,"minecraft:birch_planks":28,"minecraft:stone_axe":1,"minecraft:cooked_mutton":10,"minecraft:air":0,"minecraft:shield":1,"minecraft:stick":20,"minecraft:iron_ingot":4,"minecraft:stone_pickaxe":1,"minecraft:wooden_axe":1,"minecraft:white_bed":1,"minecraft:torch":16}},"DataVersion":3953}