{"stats":{"minecraft:killed_by":{"minecraft:silverfish":1},"minecraft:crafted":{"minecraft:furnace":1,"minecraft:birch_planks":20,"minecraft:crafting_table":2,"minecraft:stick":4,"minecraft:wooden_pickaxe":1,"minecraft:stone_pickaxe":1},"minecraft:custom":{"minecraft:open_chest":4,"minecraft:time_since_rest":234,"minecraft:deaths":1,"minecraft:play_time":6910,"minecraft:sprint_one_cm":8482,"minecraft:damage_taken":245,"minecraft:walk_one_cm":11211,"minecraft:sneak_time":11,"minecraft:jump":45,"minecraft:damage_dealt":45,"minecraft:leave_game":1,"minecraft:time_since_death":205,"minecraft:climb_one_cm":950,"minecraft:total_world_time":6910,"minecraft:inspect_dispenser":1,"minecraft:interact_with_crafting_table":3,"minecraft:fall_one_cm":4139,"minecraft:fly_one_cm":4605},"minecraft:picked_up":{"minecraft:birch_log":5,"minecraft:tuff_bricks":1,"minecraft:polished_tuff":1,"minecraft:birch_sapling":1,"minecraft:cobblestone":21},"minecraft:mined":{"minecraft:birch_log":5,"minecraft:polished_tuff":1,"minecraft:stone":21,"minecraft:tuff_bricks":1},"minecraft:used":{"minecraft:tuff_bricks":1,"minecraft:crafting_table":2,"minecraft:stone_pickaxe":16,"minecraft:wooden_pickaxe":7}},"DataVersion":3953}