{"stats":{"minecraft:broken":{"minecraft:stone_shovel":3},"minecraft:killed":{"minecraft:skeleton":1,"minecraft:zombie":2},"minecraft:used":{"minecraft:stone_sword":32,"minecraft:stone_shovel":363,"minecraft:torch":7,"minecraft:sand":23},"minecraft:picked_up":{"minecraft:stick":20,"minecraft:torch":5,"minecraft:wooden_pickaxe":6,"minecraft:sand":348,"minecraft:oak_log":32,"minecraft:dirt":19,"minecraft:string":8,"minecraft:stone_sword":1,"minecraft:arrow":2,"minecraft:rotten_flesh":1,"minecraft:apple":1,"minecraft:stone_axe":2,"minecraft:oak_sapling":3,"minecraft:birch_sapling":2,"minecraft:oak_planks":58,"minecraft:coal":21,"minecraft:cobblestone":15},"minecraft:crafted":{"minecraft:stone_shovel":4,"minecraft:stone_sword":1,"minecraft:torch":12},"minecraft:custom":{"minecraft:time_since_rest":8870,"minecraft:sprint_one_cm":30339,"minecraft:damage_taken":1435,"minecraft:walk_one_cm":92195,"minecraft:mob_kills":4,"minecraft:drop":1,"minecraft:damage_dealt":550,"minecraft:interact_with_crafting_table":4,"minecraft:fly_one_cm":26567,"minecraft:open_chest":6,"minecraft:play_time":20391,"minecraft:deaths":5,"minecraft:jump":200,"minecraft:leave_game":1,"minecraft:time_since_death":8840,"minecraft:total_world_time":20391,"minecraft:fall_one_cm":4401},"minecraft:mined":{"minecraft:oak_sapling":1,"minecraft:grass_block":19,"minecraft:oak_log":11,"minecraft:sand":347,"minecraft:oak_leaves":11},"minecraft:dropped":{"minecraft:stone_shovel":1},"minecraft:killed_by":{"minecraft:skeleton":4,"minecraft:zombie":1}},"DataVersion":3953}