{"stats":{"minecraft:broken":{"minecraft:stone_shovel":4},"minecraft:killed":{"minecraft:skeleton":1,"minecraft:zombie":2},"minecraft:used":{"minecraft:stone_sword":32,"minecraft:stone_shovel":619,"minecraft:torch":7,"minecraft:sand":65},"minecraft:picked_up":{"minecraft:stick":20,"minecraft:torch":5,"minecraft:wooden_pickaxe":6,"minecraft:sand":601,"minecraft:oak_log":32,"minecraft:dirt":24,"minecraft:string":8,"minecraft:stone_sword":1,"minecraft:arrow":2,"minecraft:rotten_flesh":1,"minecraft:apple":1,"minecraft:stone_axe":2,"minecraft:oak_sapling":3,"minecraft:birch_sapling":2,"minecraft:oak_planks":58,"minecraft:coal":21,"minecraft:cobblestone":15},"minecraft:crafted":{"minecraft:stone_shovel":4,"minecraft:stone_sword":1,"minecraft:torch":12},"minecraft:custom":{"minecraft:time_since_rest":14870,"minecraft:sprint_one_cm":31518,"minecraft:damage_taken":1435,"minecraft:walk_one_cm":127907,"minecraft:mob_kills":4,"minecraft:drop":1,"minecraft:damage_dealt":550,"minecraft:interact_with_crafting_table":4,"minecraft:fly_one_cm":26567,"minecraft:open_chest":6,"minecraft:play_time":26391,"minecraft:deaths":5,"minecraft:jump":207,"minecraft:leave_game":1,"minecraft:time_since_death":14840,"minecraft:total_world_time":26391,"minecraft:fall_one_cm":4401},"minecraft:mined":{"minecraft:oak_sapling":1,"minecraft:grass_block":24,"minecraft:oak_log":11,"minecraft:sand":599,"minecraft:oak_leaves":11},"minecraft:dropped":{"minecraft:stone_shovel":1},"minecraft:killed_by":{"minecraft:skeleton":4,"minecraft:zombie":1}},"DataVersion":3953}