{"stats":{"minecraft:picked_up":{"minecraft:stick":3,"minecraft:apple":1,"minecraft:wooden_pickaxe":4,"minecraft:sand":3,"minecraft:oak_log":5,"minecraft:oak_sapling":1,"minecraft:oak_planks":58,"minecraft:string":2},"minecraft:custom":{"minecraft:time_since_rest":387,"minecraft:open_chest":1,"minecraft:deaths":3,"minecraft:sprint_one_cm":12455,"minecraft:play_time":8391,"minecraft:damage_taken":880,"minecraft:walk_one_cm":19298,"minecraft:mob_kills":1,"minecraft:jump":104,"minecraft:damage_dealt":118,"minecraft:leave_game":1,"minecraft:time_since_death":357,"minecraft:total_world_time":8391,"minecraft:interact_with_crafting_table":1,"minecraft:fall_one_cm":2418,"minecraft:fly_one_cm":16923},"minecraft:mined":{"minecraft:oak_log":5,"minecraft:oak_sapling":1,"minecraft:oak_leaves":5},"minecraft:killed_by":{"minecraft:skeleton":3}},"DataVersion":3953}